text,label,notes
"I've been sitting for about 6 months now, usually 20 minutes in the morning. Lately I've noticed my mind wanders constantly to planning my day. Should I just return to the breath each time or is there a technique to prevent the planning thoughts from arising in the first place?",practice,
Can anyone explain the difference between samatha and vipassana meditation? I've been doing breath awareness for a year and my teacher mentioned I should start incorporating vipassana but I'm not sure what changes in practice.,practice, "Could be philosophy but question is about technique difference for practice"
I tried meditating lying down for the first time because of back pain and immediately fell asleep. Is seated meditation essential or can lying down work if I'm disciplined enough to stay awake?,practice,
My sit this morning was 45 minutes and for maybe the last 10 minutes I experienced something like the thoughts just stopped arising. It wasn't forced — they just quieted. Is this jhana or something else? How do I cultivate it intentionally?,practice,
I've been using the Plum Village app for guided meditation. My teacher suggested I try sitting without guidance. How do I structure an unguided sit? Do I just watch the breath the whole time?,practice,
"During walking meditation I find it much easier to stay present than during sitting. Should I be doing more walking meditation, or is sitting considered more fundamental in Theravada practice?",practice,
I keep getting a strong urge to scratch or adjust my position about 10 minutes into each sit. The instruction is to stay still but the sensation becomes almost unbearable. How do experienced practitioners work with physical discomfort?,practice,
I've read that you should count breaths from 1 to 10 and start over if you lose count. After 3 months I still rarely get past 4 without losing track. Is this normal? Should I switch to a different technique?,practice,
"My zazen instructor says to just sit and not use any technique — no breath counting, no labeling, just sitting. I find this impossible. My mind goes everywhere. Is shikantaza appropriate for beginners?",practice,
I've started doing metta meditation after my breath sits. How long should metta practice be relative to samatha? And does it matter what order I practice them in?,practice,
Can anyone share their experience with body scan meditation? I've been doing it for 2 weeks and I fall asleep every time around the abdomen. Techniques for staying awake welcome.,practice,
I'm trying to establish a consistent morning practice. I find I'm much more focused if I meditate before eating. Is there any traditional guidance on whether to practice before or after meals?,practice,
My teacher told me to focus on the sensation of breath at the nostrils rather than the rise and fall of the chest or abdomen. I find the nostrils much harder. What's the reasoning behind this instruction?,practice,
I've been doing 10 minutes daily for 6 months and want to extend to 30. Should I do it all at once or would two 15-minute sessions be equally valuable?,practice,
During meditation I sometimes get very strong emotions arise — sadness or fear — without any clear trigger. The instruction is to note it and return to breath but the emotion feels urgent. How do I work with strong emotions in practice?,practice,
Is it okay to meditate with eyes slightly open? I've tried fully closed but I find I'm more alert with a soft downward gaze. Is this acceptable in Zen or Theravada practice?,practice,
"I practice in a room that isn't perfectly quiet. Traffic noise, neighbors. Should I use earplugs or learn to treat the sounds as part of practice? I've heard both approaches recommended.",practice,
What does it mean when my hands or feet tingle intensely during meditation? It started happening after about 3 months of practice. Is this something to note and return from or does it indicate something about the practice?,practice,
I've been doing Tibetan visualization practice but I can't hold a clear image in my mind for more than a second. My teacher says this is normal. How long does it typically take to develop stable visualization?,practice,
Can someone explain the noting technique in plain terms? I understand labeling thoughts as 'thinking' but I'm not clear on how granular to be — do I label 'planning' separately from 'worrying' or just note 'thinking' for both?,practice,
"I've noticed that some days my practice feels deep and effortless and other days it feels like I'm just sitting there distracted for 30 minutes. Is there anything I can do to make the sits more consistently good, or is the inconsistency itself part of the training?",practice,
My sangha teacher says to do full prostrations before and after sitting. I'm practicing at home alone. Are prostrations important to include in home practice or are they more of a group setting thing?,practice,
I've been instructed to do kinhin (walking meditation) between periods of zazen. How fast should walking meditation be? My teacher said 'slower than you think' but I'm still not sure.,practice,
What's the difference between mindfulness of breathing and anapanasati? Are these the same practice or are they distinct?,practice,
"I've started sitting twice a day — 20 minutes morning, 20 minutes evening. I've noticed the evening sits are consistently worse. Is this because of mental fatigue or is there another reason?",practice,
I've been told to breathe naturally during meditation and not control the breath. But I find myself unconsciously slowing my breath when I attend to it. Is this something to correct or accept?,practice,
Can someone explain the difference between concentration practice and open awareness practice? I've been doing breath concentration for a year and wonder if I should be incorporating open awareness.,practice,
"I'm doing loving-kindness meditation and I get stuck on the phrase 'may I be happy.' I don't actually believe it when I say it. Should I push through even when it feels hollow, or is there a different approach?",practice,
My practice has been consistent for 8 months but I don't feel like I'm making progress. What does progress in meditation actually look like and how do I know if my practice is working?,practice,
"I'm trying the method of noting where I label each distraction: 'thinking, thinking, planning, planning.' I find the labeling itself becomes another thing to do. Is there a point where I should drop noting and just watch?",practice,
"During retreat I was instructed not to read, write, or use my phone between sits. I found the silence between formal periods more challenging than the sits themselves. Is this a common experience and how do practitioners work with the rest periods?",practice,
I've been practicing for 2 years and recently started experiencing what feels like pressure or a band around my head during deep concentration. Is this a recognized phenomenon and is it something to note and return from?,practice,
"My meditation teacher emphasizes posture — back straight, chin slightly tucked — but I have mild scoliosis and can't maintain this without significant pain. Are there adaptations that preserve the integrity of the practice?",practice,
Is it okay to use a timer with a gentle bell sound for meditation? Or does the anticipation of the bell work against concentration? I find practicing without any time limit means I'm constantly wondering how long I've been sitting.,practice,
I've been practicing Zen for 3 years. My roshi recently gave me my first koan. I have no idea how to work with it — sitting with it produces only frustration. Can someone explain how to approach koan practice?,practice,
I recently did a 3-day retreat and had an experience of my sense of self becoming very thin or transparent. Since returning home I can't replicate this in my daily sits. Is this normal and what does it indicate?,practice,
"I practice Tibetan Buddhism and my teacher has assigned ngondro — 100,000 prostrations. I've been doing 100 per day. Is this a reasonable pace or should I be doing more to complete it within a reasonable timeframe?",practice,
My breath is very subtle and I have trouble locating it at the nostrils. Should I start by focusing on the abdomen where the sensation is stronger and move to the nostrils over time?,practice,
I've been meditating daily for 4 years. My teacher says my practice is good but I haven't had any significant insight experiences. Should I be more concerned about progress or just continue sitting?,practice,
Can someone explain what happens in the mind during the transition from discursive thinking to meditative absorption? I've read descriptions but I'm not sure what to look for experientially.,practice,
I do a 20-minute sit before work but I often spend the first 10 minutes replaying yesterday's events or planning today's. Is there a preliminary practice to calm the mind before formal meditation?,practice,
My teacher emphasizes the importance of posture but I've read that many Thai forest monks meditate lying down. Is the seated posture traditional across all schools or is it more specific to certain traditions?,practice,
I've been trying to practice while washing dishes as informal meditation. I find my mind wanders more during informal practice than during formal sits. Is informal practice worth cultivating if the quality is so much lower?,practice,
"What is the appropriate response when a very pleasurable sensation arises during deep meditation — almost like a warm wave through the body? Should I investigate it, stay with it, or return to the breath?",practice,
I've started doing chanting practice in addition to sitting meditation. My teacher said chanting and meditation complement each other but didn't explain how. Can someone explain the relationship between chanting and meditation in terms of practice?,practice,
"I experience significant restlessness in every sit — a strong urge to move, get up, do something. My teacher says this is an important hindrance to work with but hasn't told me how. How do experienced practitioners work with restlessness?",practice,
Is there a meaningful difference between meditating at the same time every day versus whenever fits in the schedule? I've been doing it whenever I can but wonder if consistency of timing matters.,practice,
I've been practicing for about a year and recently started experiencing what my teacher calls piti — a kind of physical excitement or rapture during sits. It's pleasant but also disruptive. Is this something to cultivate or treat as another distraction?,practice,
My sangha does group sitting once a week. I find I go much deeper in group sits than alone at home. Is this a common experience and what explains it?,practice,
"I've read about the five hindrances — desire, aversion, sloth-torpor, restlessness, doubt. I think my dominant hindrance is doubt — constantly questioning whether I'm doing it right. How do practitioners work specifically with the hindrance of doubt?",practice,
Can someone explain the difference between sunyata in Madhyamaka and the Yogacara understanding of emptiness? I understand Nagarjuna's emptiness of inherent existence but I'm not sure how Mind-Only school interprets the same concept.,philosophy,
I've been reading about the two truths doctrine — conventional and ultimate truth. My question is whether the conventional truth is considered real in any sense or whether it's purely a pragmatic fiction we use to navigate experience.,philosophy,
"The doctrine of anatta (non-self) seems to contradict the idea of karma and rebirth. If there is no self, what continues from one life to the next? How do Buddhist philosophers resolve this apparent contradiction?",philosophy,
"Is Buddhism fundamentally pessimistic? The first noble truth says life is suffering but I've also read that the Buddha considered ordinary happiness real, just impermanent. How should we understand the relationship between dukkha and ordinary wellbeing?",philosophy,
"I'm trying to understand the difference between Theravada and Mahayana conceptions of the bodhisattva ideal. In Theravada, is the goal purely individual liberation or is there also an element of compassionate service to others?",philosophy,
"The concept of dependent origination seems to say that nothing exists independently — everything arises in dependence on causes and conditions. Does this mean that Buddhist philosophy denies the existence of an external world, or is it compatible with realism?",philosophy,
"I've read that the Buddha refused to answer certain metaphysical questions — like whether the world is eternal, whether the self persists after death. Why did he refuse? Was this pragmatic or did he have a philosophical position on why these questions can't be answered?",philosophy,
Can someone explain the concept of Buddha-nature as taught in the Tathagatagarbha sutras? Is Buddha-nature compatible with the doctrine of anatta or does it smuggle in a kind of self through the back door?,philosophy,
"What is the Buddhist philosophical position on free will? If all phenomena arise from causes and conditions and there is no self, is there any room for genuine agency or choice?",philosophy,
I'm struggling to understand the Zen concept of 'original face' or 'original nature.' How does this concept relate to the mainstream Buddhist doctrine of no-self? Are they compatible?,philosophy,
Is nirvana the same as death in Buddhist philosophy? I've read that parinirvana is the nirvana after death but I'm confused about whether nirvana during life involves the cessation of experience entirely or something more subtle.,philosophy,
The Pali canon seems to present a very different picture of the Buddha than the Mahayana sutras. How do Mahayana Buddhists account for the historical gap between the Buddha's life and the appearance of Mahayana texts centuries later?,philosophy,
"In Tibetan Buddhism, the Bardo Thodol describes intermediate states between death and rebirth. How do contemporary Tibetan Buddhist philosophers understand the status of these bardo experiences — are they considered literally real or symbolic?",philosophy,
What does Buddhist philosophy say about the nature of consciousness? Is consciousness produced by the brain or does it have a different ontological status in Buddhist thought?,philosophy,
"I've been reading Nagarjuna's Mulamadhyamakakarika. His argument seems to be that nothing has svabhava (own-being or intrinsic existence). But if nothing has intrinsic existence, doesn't that include emptiness itself? How does Nagarjuna avoid the regress?",philosophy,
"Can someone explain the difference between the three marks of existence — impermanence, suffering, and non-self — and how they relate to each other? Are they three separate observations or do they imply each other?",philosophy,
Is Buddhism compatible with theism? Some teachers say the Buddhist concept of dharmakaya or the primordial Buddha is equivalent to God. Others say Buddhism is fundamentally atheistic. What's the mainstream position?,philosophy,
"I've read that in Zen, the distinction between samsara and nirvana collapses — samsara is nirvana seen clearly. How is this compatible with the traditional Buddhist soteriological project of escaping samsara?",philosophy,
"What is the Buddhist understanding of time? Does Buddhist philosophy hold that the past and future are real, or only the present moment? How does this relate to the doctrine of impermanence?",philosophy,
"The Abhidharma tradition analyzes experience into momentary dharmas. Is this Buddhist atomism compatible with Nagarjuna's emptiness teaching, which seems to deny that even the smallest units of existence have inherent nature?",philosophy,
I'm trying to understand the concept of skillful means (upaya). Does the idea of skillful means imply that all Buddhist teachings are provisional — including the core doctrines like anatta and the four noble truths?,philosophy,
What does Buddhist philosophy say about the moral status of animals? The first precept prohibits killing but the Buddha apparently allowed monks to eat meat under certain conditions. How do contemporary Buddhist philosophers think about animal ethics?,philosophy,
Can someone explain the distinction between the two kinds of no-self in Madhyamaka philosophy — no-self of persons and no-self of phenomena? Why is the no-self of phenomena considered a more profound realization?,philosophy,
"The concept of karma seems to imply a kind of cosmic justice — good actions produce good results, bad actions produce bad results. But this seems empirically false. How do Buddhist philosophers defend the karma doctrine against obvious counterexamples?",philosophy,
I've been reading about the madhyamaka critique of language and concepts. Nagarjuna seems to say that all conceptual frameworks ultimately fail to capture reality. But doesn't this critique apply to Nagarjuna's own arguments?,philosophy,
"What is the relationship between mindfulness as a philosophical concept and mindfulness as a meditation practice? Are these two entirely different things that happen to share a name, or is there a unified theory connecting them?",philosophy,
"In Pure Land Buddhism, the power of Amitabha's vow is said to be sufficient for liberation without the need for extensive practice. How do Pure Land philosophers reconcile this with the general Buddhist emphasis on personal effort and karma?",philosophy,
"Is reincarnation essential to Buddhist philosophy or is it possible to be a Buddhist while rejecting literal rebirth? What, if anything, is lost philosophically if rebirth is interpreted metaphorically?",philosophy,
"The doctrine of the two truths in Madhyamaka says that conventional truth and ultimate truth are both valid but at different levels. But if the ultimate truth is that nothing has inherent existence, how can conventional truths be considered genuinely true?",philosophy,
What does Buddhist philosophy say about ethics? Is there a Buddhist metaethics — a view about what makes actions right or wrong — or is Buddhist ethics primarily a practical path without philosophical foundations?,philosophy,
"I've been trying to understand the difference between the Theravada concept of nibbana and the Mahayana concept. Is Theravada nirvana a kind of annihilation, as Mahayana critics suggest, or is this a misrepresentation?",philosophy,
Can someone explain the Buddhist concept of interdependence (pratityasamutpada) in practical terms? I understand the philosophical definition but I'm not sure what it means for how we actually relate to the world.,philosophy,
"What is the relationship between wisdom (prajna) and compassion (karuna) in Mahayana Buddhism? Is it that wisdom naturally produces compassion, or are they separate qualities that need to be cultivated independently?",philosophy,
The Zen tradition seems to reject the value of conceptual study and emphasizes direct experience. But the Zen tradition also has an extensive literary and philosophical heritage. How do Zen teachers reconcile this apparent contradiction?,philosophy,
I've been reading about the Yogacara concept of alaya-vijnana or storehouse consciousness. What is the philosophical function of this concept and why did Yogacara philosophers feel it was necessary to posit it?,philosophy,
Does Buddhist philosophy have a concept equivalent to the Western notion of human dignity or inherent worth? Or is the Buddhist grounding of ethics entirely different?,philosophy,
"What does Buddhist philosophy say about suffering that is apparently unchosen — illness, natural disaster, poverty? How does karma account for suffering that seems clearly undeserved?",philosophy,
"In Tibetan Buddhism, the tulku system holds that certain masters can choose their rebirth. How do Tibetan philosophers understand the metaphysics of this — what exactly is continuing and choosing?",philosophy,
I've been thinking about the relationship between the Buddhist concept of non-attachment and the Western psychological concept of healthy attachment. Are these fundamentally incompatible or is there a way to reconcile them?,philosophy,
"The Heart Sutra says 'form is emptiness, emptiness is form.' I've read many explanations but none have made this fully clear. Can someone explain this specifically in philosophical terms rather than poetic terms?",philosophy,
"What is the Buddhist position on personal identity over time? If there is no self and all phenomena are impermanent, in what sense is the person who wakes up tomorrow the same person who went to sleep last night?",philosophy,
I've been reading about the concept of bodhicitta in Mahayana Buddhism. Is bodhicitta — the aspiration to attain enlightenment for the benefit of all beings — itself a form of attachment and therefore problematic?,philosophy,
Can someone explain the difference between the Madhyamaka and Yogacara interpretations of emptiness? I understand that both accept emptiness but interpret it differently — what exactly is the difference?,philosophy,
The first precept is to refrain from killing. How do Buddhist philosophers think about killing in self-defense or in defense of others? Is there a Buddhist just war theory?,philosophy,
I've been thinking about the relationship between Buddhist philosophy and science. In what areas do they genuinely conflict and in what areas are they compatible? I'm particularly interested in the question of consciousness.,philosophy,
What is the role of faith (saddha) in Buddhist practice? I've read that Buddhism is an empirical path based on experience rather than faith. But texts like the Kalama Sutta seem to say faith in teachers is sometimes appropriate. How do Buddhist philosophers reconcile these?,philosophy,
"In Zen Buddhism, the concept of 'don't know mind' is often emphasized. What is the philosophical content of this concept and how does it relate to the broader Mahayana epistemological tradition?",philosophy,
Does Buddhist philosophy have anything to say about the nature of mathematical or logical truths? Are these considered conventional truths or do they have some other status?,philosophy,
I've been reading about the concept of the dharmadhatu — the realm of dharma or truth. What exactly is this concept referring to and how does it relate to emptiness and Buddha-nature?,philosophy,
Can someone explain the significance of the Madhyamaka concept of prasanga — consequentialist argument? Why does Nagarjuna primarily argue by showing the unacceptable consequences of opponents' positions rather than stating his own position directly?,philosophy,
I started practicing Buddhism three years ago after my divorce and I genuinely don't know where I would be without it. I'm not exaggerating when I say it saved my life. Not in a dramatic way — just by giving me a way to sit with pain without running from it.,personal,
"I've been a practicing Catholic my whole life and recently I've been drawn to Buddhism. I feel guilty about this, like I'm betraying something. Has anyone navigated the overlap between Christianity and Buddhist practice?",personal,
My father died six weeks ago and I've been sitting every day since. I don't know if it's helping in the way people mean when they say meditation helps. But it's something to do with the grief that doesn't involve drinking.,personal,
"I'm going through a really dark period. Anxiety that won't quit, sleep problems, the sense that everything is falling apart. I've been practicing for two years and I keep expecting it to make me feel better and it doesn't. Has anyone been through this?",personal,
"I had what I can only describe as a profound experience during a retreat last month — a kind of dissolution of the sense of self that lasted about 20 minutes. Since coming home I feel different, calmer, less reactive, but I'm not sure what to make of what happened. Has anyone had a similar experience?",personal,
"I grew up in a Thai Buddhist family and practiced as a child but left the faith as a teenager because it felt like ritual without meaning. I'm 34 now and I've come back to it, but from a completely different angle. The philosophy now makes sense to me in a way it didn't when I was young.",personal,
I've been dealing with chronic pain for 5 years and I came to Buddhism through a mindfulness-based pain program. I want to go deeper than just pain management. Does anyone have experience transitioning from therapeutic mindfulness to genuine practice?,personal,
I'm a nurse and I see death every week. For years I managed by compartmentalizing. Since I started practicing I've noticed I can actually be present with dying patients instead of just going through the motions. I wanted to share this somewhere.,personal,
I've been meditating for 6 months and I recently noticed that I'm significantly less reactive in arguments with my partner. She noticed too and asked what changed. I told her and now she wants to try it. I just wanted to share a small positive thing.,personal,
I'm in recovery from alcohol addiction and Buddhism has been a bigger part of my sobriety than AA. The concept of craving and the second noble truth — that suffering arises from craving — described my relationship with alcohol better than anything else I'd encountered.,personal,
I tried to start meditating a dozen times over the years and always quit after a week. Six months ago something shifted and I've sat every single day since. I still don't know what changed. I'm sharing this for anyone who has tried and failed — sometimes the timing just wasn't right.,personal,
My teacher told me last month that I'm ready to take precepts and I've been thinking about it constantly since. I want to do it but I also feel like a fraud — like I don't live up to what taking precepts would mean. Has anyone else felt this before committing to precepts?,personal,
I recently moved to a new city and found a sangha. Going to my first group sitting felt like coming home in a way I haven't felt anywhere in years. I didn't expect to feel that kind of belonging in a room of strangers.,personal,
"I've been practicing for 8 years and I still struggle with the same patterns I struggled with when I started — impatience, irritability, the sense that I'm wasting time. I wonder sometimes whether I'm making any progress at all.",personal,
I was raised in a strict religious household and Buddhism is the first spiritual path that hasn't felt coercive to me. The emphasis on investigation rather than belief has been deeply healing for someone who was told what to think for the first 18 years of their life.,personal,
"I had a panic attack during a meditation retreat. I was asked to leave the retreat early. I've been processing this for weeks — the shame of it, the confusion about whether meditation made things worse. Has anyone had a similar experience?",personal,
My grandmother practiced Tibetan Buddhism her entire life. She died last year and I've started reading the texts she kept by her bed. I don't know if I believe in rebirth but I find myself hoping she's in a good place. I came to this subreddit because I don't know where else to go with this.,personal,
I'm 22 and I feel like I'm the only person my age who is interested in Buddhism seriously. My friends think it's weird or a phase. It's lonely sometimes. I wanted to say that somewhere.,personal,
"I went through a period of deep depression two years ago. One of the things that helped me survive it was the Buddhist framing of impermanence — the genuine understanding that this too will pass, not as a platitude but as something I actually saw to be true.",personal,
I've been practicing for 4 years and I had an experience last week that I can only describe as the bottom dropping out of my sense of self. It wasn't frightening — it was more like relief. I've been sitting with it all week.,personal,
"I recently lost my job and instead of spiraling into anxiety the way I would have before I started practicing, I found I could sit with the uncertainty without needing to immediately fix it. I'm sharing this because 2 years ago I wouldn't have believed this was possible for me.",personal,
"I came to Buddhism through a period of intense grief after my best friend died. I found the teaching on impermanence was the only thing that made the loss make sense — not easier, but coherent. I'm still practicing 5 years later.",personal,
I've been sitting with a teacher for 3 years and recently she told me she sees significant development in my practice. I don't know what to do with this. On one hand it means something. On the other hand it feels like exactly the kind of thing I shouldn't be attached to.,personal,
"I used to be extremely goal-oriented — always measuring progress, planning next steps. Buddhism has genuinely changed this in me. Not completely, but I notice it. I wanted to share this somewhere where people might understand what I mean.",personal,
My partner doesn't practice and sometimes feels excluded when I spend time meditating or at sangha. We've talked about it and he's supportive but it's still a source of friction. Has anyone navigated this in a long-term relationship?,personal,
"I started practicing after reading The Power of Now, which I know isn't exactly Buddhist but led me there. I feel a little embarrassed admitting this in a serious Buddhist forum. But it did open the door for me.",personal,
I'm a physician and I used to think of meditation as something for people who had too much time. Four years of practicing daily has completely changed my relationship to my work and to suffering in a way I couldn't have predicted.,personal,
I've been studying Buddhism for two years but I've been reluctant to formally join a sangha because I've had negative experiences with religious institutions in the past. I'm curious whether others have navigated this.,personal,
"I went on a silent retreat last spring and it was the hardest 10 days of my life. It was also, somehow, one of the best. I've been processing the experience ever since. I'm not sure I can fully articulate what happened.",personal,
"My mother was diagnosed with Alzheimer's two years ago. Watching her lose herself has been the hardest thing I've faced. Buddhism has given me a framework for being present with her in what she still is, rather than grieving what she's no longer able to be.",personal,
I've been struggling with the concept of loving-kindness toward myself. I can generate genuine warmth toward others easily but when I try to direct it at myself it feels hollow or even provoking. I'm sharing this because I wonder if others have experienced this.,personal,
I grew up in a Buddhist country but practiced only ceremonially. Coming to the philosophy seriously as an adult has been like meeting my culture for the first time from the inside rather than the outside.,personal,
"I've been practicing for a year and I recently noticed that I no longer dread difficult conversations the way I used to. I still feel discomfort but it doesn't own me the same way. Small change, maybe. It feels significant to me.",personal,
I've been told I'm 'too intellectual' about Buddhism by multiple teachers. I find the philosophy deeply meaningful but I struggle to drop into direct experience. I'm sharing this as a confession more than a question.,personal,
"I took a vow of vegetarianism two years ago as part of my practice and I've kept it, but I find myself in social situations where it causes friction. I'm not sure whether to hold the line or be more flexible. I'm genuinely uncertain what the right relationship between precepts and ordinary life looks like.",personal,
I meditated every day for 3 years and then stopped entirely for 6 months after a major life upheaval. Coming back to practice after that gap has felt like meeting an old friend. I didn't realize how much I'd missed it.,personal,
I'm a teacher and I've started bringing very basic mindfulness exercises into my classroom — just 3 minutes of breath awareness at the start of each period. The difference in classroom energy has been noticeable. I wanted to share this.,personal,
I've been sitting with grief for most of this year. My practice has changed as a result — it's less about improving myself and more about just being with what is. I'm not sure I could have said that a year ago.,personal,
I recently had a conversation with my father about Buddhism that didn't end in argument for the first time. He's deeply religious in a different tradition and we've always clashed. Something has shifted in how I hold the disagreement.,personal,
I'm 19 and I started meditating because of anxiety. I've been practicing for about 8 months and I'm starting to understand that it's a much bigger thing than I realized when I started. I'm posting because I want to go deeper and don't know where to start.,personal,
"I work in palliative care and I've been practicing Zen for 6 years. I wanted to say that Buddhism has changed how I understand my job. Not made it easier exactly, but changed what I'm doing there — from managing death to accompanying it.",personal,
"I've been having dreams about my late mother that feel very different from before I started practicing — more peaceful, like she's okay. I know this might just be my mind. But it feels meaningful.",personal,
I took a week off work this year specifically to do intensive practice — sitting for 6-8 hours per day alone at home. I didn't do a formal retreat. It was the most important week I've spent in years and I'm still unpacking what happened.,personal,
I used to be an atheist who found religious practice embarrassing. I'm still not sure I believe in rebirth or karma in a literal sense. But I'm sitting every day and it's the most serious I've been about anything spiritual. I'm not sure what to call myself.,personal,
My daughter is 8 and she's started asking me what I do when I 'sit quietly.' I explained it as simply as I could. She asked if she could try. We sat together for 5 minutes this morning. I don't know if it matters for her but it mattered for me.,personal,
"I've been trying to integrate practice into a busy life — full-time job, two young children. I feel guilty that I can only manage 10 minutes most days. Has anyone found a way to accept a modest practice without feeling like you're not doing enough?",personal,
"I went through a period where I was very attached to my practice identity — being someone who meditates, being someone who studies Buddhism. I'm only now recognizing how that itself became an obstacle.",personal,
I've been studying with the same teacher for 4 years and recently realized I've been unconsciously trying to please her rather than actually doing the practice. This recognition has been uncomfortable and clarifying.,personal,
I recently told my closest friends that I practice Buddhism seriously. I expected skepticism or jokes. Instead they were curious and several said they'd been thinking about meditation themselves. I misjudged them.,personal,
My practice has been inconsistent this year due to health issues. I wanted to say publicly that returning to sitting after weeks away is always gentler than I expect. The practice doesn't judge the absence.,personal,
"For anyone interested in Theravada practice, I can't recommend Bhikkhu Bodhi's translations highly enough. His translation of the Majjhima Nikaya with commentary is the most comprehensive English resource for serious study of the Pali canon.",resource,
"The Insight Meditation Society (IMS) in Barre, Massachusetts runs excellent retreats for all levels. They have a scholarship program for those who can't afford full price. Their website is dharma.org.",resource,
"If you're looking for a good introduction to Zen, I'd suggest starting with Shunryu Suzuki's Zen Mind, Beginner's Mind rather than jumping straight into the koans. It's short, accessible, and genuine.",resource,
"For those interested in Tibetan Buddhism, the Rigpa organization has centers worldwide and offers both in-person and online teachings. Their free online programs are a good starting point before committing to a center.",resource,
Ajahn Chah's collected teachings are available free at forestsangha.org. His book 'A Still Forest Pool' is probably the best single introduction to Thai forest tradition practice I've found.,resource,
"The Waking Up app by Sam Harris has its limitations but for complete beginners who want guided meditation without a specifically Buddhist framework, it's one of the better starting points. First month is free.",resource,
"If you want to study the Abhidharma, Nina van Gorkom's free books at zolag.co.uk are excellent. She explains the concepts clearly without oversimplifying them.",resource,
"Tricycle magazine has a large archive of free articles at tricycle.org and a paid subscription gives access to their online courses, which are taught by serious teachers. Worth it if you want structured study.",resource,
"For Mahayana philosophy, Jay Garfield's translation of Nagarjuna's Mulamadhyamakakarika is the best scholarly English edition. His philosophical commentary is essential — don't read the text without it.",resource, "Could be philosophy but primary value is book recommendation"
"The Audio Dharma website at audiodharma.org has thousands of free dharma talks from Gil Fronsdal and many other Insight Meditation teachers. All free, no signup required. An incredible resource.",resource,
"If you're in the New York area, the Village Zendo offers open sits and is genuinely welcoming to beginners. Sensei Egyoku Nakao teaches there periodically. No cost to attend open sits.",resource,
"For beginners who want a book-length introduction to Buddhism without going into a specific tradition, 'What the Buddha Taught' by Walpola Rahula is the classic. Short, clear, Theravada-oriented.",resource,
"The Dharma Seed podcast (dharmaseed.org) archives thousands of retreat talks for free. If you want to hear what teachers actually say in extended teaching contexts rather than just YouTube clips, this is the place.",resource,
"If you're interested in Tibetan Buddhism specifically, Chögyam Trungpa's 'Cutting Through Spiritual Materialism' is essential reading regardless of tradition. The concept of spiritual materialism applies universally.",resource,
"For a rigorous academic introduction to Buddhist philosophy, Mark Siderits's 'Buddhism as Philosophy' is excellent. It treats Buddhist positions seriously as philosophical claims and compares them to Western analogues.",resource,
The Plum Village app is free and has a large library of guided meditations in Thich Nhat Hanh's tradition. Particularly good for beginners or for those who want mindfulness practice that isn't heavily soteriological.,resource,
"If you want to study with a traditional Tibetan teacher online, Lama Zopa Rinpoche's FPMT organization has extensive free online resources including entire lam-rim courses at fpmt.org.",resource,
Gil Fronsdal's podcast series 'Introduction to Meditation' available on Audio Dharma is the best structured beginning I've found — 10 episodes that build systematically from basic breath awareness to more advanced practices.,resource,
"For anyone interested in the relationship between Buddhism and science, B. Alan Wallace's 'The Attention Revolution' is a good starting point. More rigorous than most popular books on the topic.",resource,
The Zen Mountain Monastery in New York State (zmm.org) runs weekend and week-long introductory retreats that are genuinely accessible to people with no prior experience. Application process is straightforward.,resource,
"If you're interested in the history of Buddhism rather than just the practice, Donald Lopez's 'The Story of Buddhism' is an excellent overview that covers all major traditions with academic rigor.",resource,
"For those who prefer to learn by listening, Tara Brach's podcast is consistently excellent and freely available. She's particularly good on the intersection of Western psychology and Buddhist practice.",resource,
"If you want to understand Pure Land Buddhism, Taitetsu Unno's 'River of Fire, River of Water' is the best introduction in English. Accessible without being dumbed down.",resource,
The Center for Mindfulness at UMass Medical School was founded by Jon Kabat-Zinn and offers MBSR programs online and in person. Not explicitly Buddhist but the most evidence-based mindfulness training available.,resource,
"For Theravada ordination or extended study in the Forest tradition, Abhayagiri Monastery in California (abhayagiri.org) offers long-term residency programs and publishes free books by Ajahn Pasanno and others.",resource,
Bhikkhu Analayo's books on meditation are the most rigorous scholarly-practitioner resources I've found. His 'Satipatthana: The Direct Path to Realization' is the definitive study of the Satipatthana Sutta.,resource,
"If you're a beginner looking for a guided retreat experience without the intensity of a full silent retreat, Spirit Rock Meditation Center in California runs weekend programs specifically for people new to meditation.",resource,
The Pali Text Society (palitext.com) has published the entire Pali canon in English. Expensive to buy everything but much of it is available through university libraries or free on Access to Insight at accesstoinsight.org.,resource,
"For a good contemporary introduction to Buddhist ethics, Damien Keown's 'Buddhist Ethics: A Very Short Introduction' covers the major issues concisely and fairly across traditions.",resource,
"The Everyday Dharma podcast by Sensei Koshin Paley Ellison is excellent for those interested in Zen and its application to everyday life, including work, relationships, and caregiving.",resource,
"If you're interested in early Buddhism and the historical Buddha, Johannes Bronkhorst's scholarship is the most rigorous available, though it's academic reading. His 'Buddhist Teaching in India' is a starting point.",resource,
"For anyone who finds books difficult due to attention or reading issues, the YouTube channel Buddhist Society of Western Australia posts talks by Ajahn Brahm with over 400 free teachings available.",resource,
The app Insight Timer has thousands of free guided meditations from teachers across traditions. It also has a timer for unguided practice and a community forum. Free tier is genuinely excellent.,resource,
"If you want to understand how Zen came to the West, 'Shoes Outside the Door' by Michael Downing is the most honest account. It covers the San Francisco Zen Center and Suzuki Roshi's successors.",resource,
The Barre Center for Buddhist Studies (bcbsdhamma.org) offers online courses that go deeper than most popular dharma programs. Their 'Foundations of Dharma' program is one of the best structured curricula I've found.,resource,
"For anyone interested in socially engaged Buddhism, Thich Nhat Hanh's 'Interbeing' is the founding text of the movement. Short and accessible.",resource,
"The Stanford Encyclopedia of Philosophy has excellent free entries on Buddhist philosophy — on topics like Buddhist ethics, the metaphysics of personal identity, and Madhyamaka. Academic but clear.",resource,
"If you're in the UK, the Buddhist Society in London (thebuddhistsociety.org) has a good library and runs regular talks. Their journal The Middle Way has been published since 1926 and archives are online.",resource,
"For those who want to go deeper into Vajrayana, Sogyal Rinpoche's 'The Tibetan Book of Living and Dying' remains the most accessible introduction to the tradition for Western readers.",resource,
The Zen Peacemakers organization founded by Bernie Glassman does street retreats and social action programs grounded in Zen practice. Their website zenpeacemakers.org has resources on engaged practice.,resource,
"If you're interested in how the early texts were formed, Bhikkhu Sujato and Bhikkhu Brahmali's work on suttacentral.net includes both translations and scholarly essays on the authenticity of early Buddhist texts. All free.",resource,
"For children's resources, Thich Nhat Hanh wrote a series of books designed to introduce Buddhist concepts to young readers. 'A Pebble for Your Pocket' is the most accessible starting point.",resource,
The Empty Mirror by Janwillem van de Wetering is a memoir of practicing at a Japanese Zen monastery. Not a practice manual but an honest account of what the experience actually feels like.,resource,
"For academic work on meditation from a neuroscience perspective, Richard Davidson and Sharon Begley's 'The Emotional Life of Your Brain' is evidence-based without being reductive about the practice.",resource,
"If you want to understand the differences between Theravada traditions — Sri Lankan, Thai, Burmese — Bhikkhu Bodhi's articles on Access to Insight are the clearest comparative overview I've found.",resource,
The Kripalu Center in Massachusetts offers weekend programs that introduce Buddhist and yogic practices together. Good option for people who aren't sure which tradition resonates with them.,resource,
"For anyone interested in practicing in a Tibetan center, the Shambhala network has centers in most major cities and offers structured levels of study. Their introductory programs are genuinely welcoming to beginners.",resource,
Guo Gu's 'Passing Through the Gateless Barrier' is the best contemporary English-language guide to koan practice I've found. He teaches in both Chinese Chan and Japanese Zen lineages.,resource,
The Shinzen Young network at shinzen.org offers online programs in his systematic mindfulness approach. His book 'The Science of Enlightenment' explains the system clearly.,resource,
"If you want a good community for online practice, the Dharma Overground forum (dharmaoverground.org) has experienced practitioners and honest discussion of practice stages that you won't find in most dharma communities.",resource,
